model,threshold,recall,precision,f1,f2,predicted_positive_pct
XGBoost,0.035,0.9122231337161608,0.6529653552554316,0.7611225188227242,0.8451132390940872,7.92830540037244
XGBoost,0.04,0.9089417555373257,0.6579572446555819,0.7633482604202549,0.8445121951219512,7.839851024208566
XGBoost,0.03,0.9155045118949959,0.6402753872633391,0.7535449020931803,0.8430276476809185,8.114525139664805
XGBoost,0.045,0.9023789991796555,0.6646525679758308,0.7654836464857342,0.8421374980860511,7.704841713221601
XGBoost,0.05,0.8999179655455292,0.6693105552165954,0.7676696990902729,0.841903300076746,7.6303538175046555
XGBoost,0.025,0.9179655455291222,0.631489841986456,0.7482447342026078,0.8416064981949458,8.249534450651769
XGBoost,0.02,0.9237079573420837,0.6203856749311295,0.7422544495715228,0.8414287849349873,8.449720670391061
XGBoost,0.055,0.8974569319114027,0.6732307692307692,0.7693389592123769,0.8414090139978465,7.565176908752328
XGBoost,0.06,0.8941755537325676,0.6774394033561218,0.7708628005657708,0.8404009252120278,7.490689013035381
XGBoost,0.07,0.8900738310090238,0.6858407079646017,0.7747233131024635,0.8400433570764942,7.364990689013036
XGBoost,0.065,0.8917145200984413,0.680651221039449,0.7720170454545454,0.8396415881353314,7.434823091247672
XGBoost,0.015,0.9278096800656276,0.6080645161290322,0.7346541084767781,0.8395190023752969,8.659217877094973
XGBoost,0.08,0.8859721082854799,0.6927517639512508,0.7775377969762419,0.8391608391608392,7.257914338919925
XGBoost,0.075,0.8867924528301887,0.6898532227185705,0.7760229720028715,0.8388949247245072,7.295158286778398
XGBoost,0.105,0.8777686628383922,0.710019907100199,0.7850330154071901,0.8381638727870907,7.015828677839851
XGBoost,0.1,0.8785890073831009,0.7073976221928666,0.7837541163556532,0.8380281690140845,7.048417132216015
XGBoost,0.085,0.8826907301066448,0.6955397543632837,0.7780187997107737,0.8376148217343921,7.202048417132216
XGBoost,0.11,0.8761279737489746,0.711051930758988,0.7850055126791621,0.8372530573847601,6.992551210428305
XGBoost,0.01,0.9327317473338802,0.593114241001565,0.7251275510204082,0.8368909171205653,8.924581005586592
XGBoost,0.095,0.8785890073831009,0.702755905511811,0.7808968282901932,0.83671875,7.094972067039105
XGBoost,0.135,0.8712059064807219,0.7214673913043478,0.7892976588628763,0.8364839319470699,6.8528864059590315
XGBoost,0.13,0.8712059064807219,0.7204884667571235,0.7887114741923505,0.8362204724409449,6.862197392923649
XGBoost,0.115,0.874487284659557,0.7116154873164219,0.784688995215311,0.8362096015061186,6.973929236499068
XGBoost,0.125,0.8720262510254306,0.7177582714382175,0.7874074074074074,0.8360862041843637,6.894785847299814
XGBoost,0.09,0.8794093519278097,0.698371335504886,0.7785039941902687,0.836063016690064,7.146182495344506
XGBoost,0.12,0.8720262510254306,0.714862138533961,0.7856614929785661,0.8352978154958353,6.922718808193669
XGBoost,0.14,0.8687448728465955,0.7223738062755798,0.788826815642458,0.8349101229895932,6.8249534450651765
XGBoost,0.145,0.8654634946677605,0.7226027397260274,0.7876073161627473,0.8325441919191919,6.7970204841713215
XGBoost,0.15,0.8621821164889254,0.7228335625859698,0.7863823419378975,0.830173775671406,6.769087523277467
XGBoost,0.155,0.8613617719442166,0.7251381215469613,0.7874015748031497,0.8301707779886148,6.741154562383612
XGBoost,0.16,0.859721082854799,0.7277777777777777,0.7882662655133509,0.8296390120329322,6.70391061452514
XGBoost,0.165,0.8556193601312552,0.7298810356892932,0.7877643504531722,0.8271213322759714,6.6527001862197395
XGBoost,0.17,0.8531583264971287,0.7323943661971831,0.7881773399014779,0.8259212198221093,6.610800744878957
XGBoost,0.175,0.85233798195242,0.7347949080622348,0.7892138245347512,0.8259141494435612,6.582867783985103
XGBoost,0.185,0.8515176374077112,0.7366926898509581,0.7899543378995434,0.8257756563245824,6.559590316573556
XGBoost,0.18,0.8515176374077112,0.735648476257973,0.7893536121673004,0.8255129632575156,6.5689013035381745
XGBoost,0.19,0.8482362592288761,0.7380442541042113,0.7893129770992366,0.8236418671339812,6.522346368715083
XGBoost,0.195,0.8474159146841673,0.7405017921146954,0.7903596021423106,0.8236325944825387,6.494413407821228
XGBoost,0.2,0.8441345365053322,0.7408207343412527,0.7891104294478528,0.8212290502793296,6.466480446927374
XGBoost,0.205,0.8433141919606235,0.7417027417027418,0.7892514395393474,0.8208240178856595,6.452513966480447
XGBoost,0.21,0.8424938474159147,0.7425885755603759,0.7893927747886241,0.8204185972200032,6.438547486033519
XGBoost,0.215,0.8416735028712059,0.7445573294629898,0.7901424720831729,0.8202750239846498,6.415270018621974
XGBoost,0.22,0.8408531583264971,0.7449127906976745,0.789980732177264,0.8197376839411389,6.405959031657356
XGBoost,0.225,0.8383921246923708,0.7448979591836735,0.7888846005403319,0.8178617157490397,6.38733705772812
XGBoost,0.23,0.837571780147662,0.7463450292397661,0.7893312717433321,0.8175848814862268,6.368715083798883
XGBoost,0.235,0.8367514356029533,0.746705710102489,0.7891682785299806,0.8170458186478693,6.359404096834265
XGBoost,0.24,0.8351107465135357,0.7468818782098312,0.7885360185902401,0.8158358711331944,6.345437616387336
XGBoost,0.245,0.8318293683347006,0.7472365512159175,0.7872670807453416,0.8134124819509064,6.317504655493482
XGBoost,0.25,0.8301886792452831,0.7479674796747967,0.7869362363919129,0.8123294268742977,6.298882681564246
XGBoost,0.26,0.8277276456111566,0.749072011878248,0.7864380358534684,0.8107022336493652,6.270949720670391
XGBoost,0.255,0.8277276456111566,0.7485163204747775,0.7861316712115309,0.8105719794344473,6.275605214152701
XGBoost,0.265,0.8252666119770303,0.750186428038777,0.7859375,0.8090718996300467,6.243016759776536
XGBoost,0.27,0.8244462674323215,0.7511210762331838,0.7860774344935472,0.8086578693273254,6.229050279329608
XGBoost,0.275,0.822805578342904,0.7518740629685158,0.7857422640031335,0.8075684380032206,6.210428305400372
XGBoost,0.28,0.8195242001640689,0.7522590361445783,0.784452296819788,0.8051257253384912,6.182495344506518
XGBoost,0.29,0.8187038556193601,0.7537764350453172,0.7848997247345655,0.8048387096774193,6.163873370577281
XGBoost,0.285,0.8187038556193601,0.7526395173453997,0.7842829076620825,0.8045791680103193,6.173184357541899
XGBoost,0.295,0.8170631665299426,0.7539742619227857,0.784251968503937,0.8036146522510892,6.149906890130354
XGBoost,0.3,0.8146021328958163,0.7562833206397562,0.7843601895734598,0.8022297624818225,6.11266294227188
XGBoost,0.305,0.8137817883511075,0.7566742944317315,0.7841897233201581,0.8016809439146597,6.103351955307263
XGBoost,0.315,0.8113207547169812,0.7590176515732924,0.7842981760507534,0.8002913092733452,6.06610800744879
XGBoost,0.31,0.8113207547169812,0.7572741194486983,0.7833663366336634,0.7999029440310579,6.0800744878957165
XGBoost,0.325,0.8080393765381461,0.7606177606177607,0.7836117740652346,0.7980878301733917,6.028864059590316
XGBoost,0.32,0.8080393765381461,0.7594448727833462,0.7829888712241654,0.7978292564393326,6.038175046554935
XGBoost,0.33,0.8072190319934373,0.7616099071207431,0.7837514934289128,0.7976653696498055,6.014897579143389
XGBoost,0.335,0.8055783429040196,0.7612403100775194,0.7827819848545237,0.7963023029516705,6.005586592178771
XGBoost,0.36,0.8022969647251845,0.7670588235294118,0.7842822774659182,0.7949926841164039,5.935754189944134
XGBoost,0.34,0.8039376538146021,0.7608695652173914,0.7818109293976865,0.7949383517196625,5.996275605214152
XGBoost,0.345,0.8031173092698933,0.7630553390491036,0.7825739408473221,0.7947718785517129,5.972998137802607
XGBoost,0.365,0.8014766201804758,0.7668759811616954,0.7837946249498596,0.7943089430894309,5.931098696461825
XGBoost,0.35,0.8022969647251845,0.7634660421545667,0.7824,0.7942179632938119,5.9636871508379885
XGBoost,0.355,0.8022969647251845,0.7634660421545667,0.7824,0.7942179632938119,5.9636871508379885
XGBoost,0.37,0.800656275635767,0.7691095350669819,0.7845659163987139,0.7941415785191213,5.907821229050279
XGBoost,0.375,0.7973748974569319,0.7702060221870047,0.7835550181378477,0.7917888563049853,5.8752327746741155
XGBoost,0.38,0.7965545529122231,0.7718600953895072,0.7840129188534517,0.7914900554287577,5.856610800744879
XGBoost,0.385,0.7940935192780968,0.7725458898643256,0.7831715210355987,0.7896883667808778,5.833333333333333
XGBoost,0.39,0.7916324856439705,0.7726180944755805,0.7820097244732577,0.7877551020408163,5.814711359404097
XGBoost,0.395,0.7908121410992617,0.7742971887550201,0.7824675324675324,0.7874530305505636,5.79608938547486
XGBoost,0.4,0.7883511074651354,0.775,0.7816185441236275,0.7856442119032047,5.772811918063315
XGBoost,0.405,0.7875307629204266,0.7760711398544866,0.7817589576547231,0.7852118436119745,5.758845437616388
XGBoost,0.41,0.7858900738310091,0.7763371150729336,0.7810843864655523,0.7839607201309329,5.74487895716946
XGBoost,0.415,0.7850697292863003,0.7767857142857143,0.780905752753978,0.7833988212180747,5.735567970204842
XGBoost,0.42,0.7809680065627563,0.7771428571428571,0.779050736497545,0.7801999672184887,5.7029795158286785
XGBoost,0.43,0.77850697292863,0.77850697292863,0.77850697292863,0.77850697292863,5.6750465549348235
XGBoost,0.425,0.77850697292863,0.7778688524590164,0.7781877818778188,0.7783792650918635,5.679702048417132
XGBoost,0.435,0.7768662838392125,0.7807089859851608,0.7787828947368421,0.7776317950402365,5.6471135940409685
XGBoost,0.44,0.7760459392945037,0.7818181818181819,0.7789213668176205,0.7771935589878409,5.633147113594041
XGBoost,0.445,0.7735849056603774,0.7825726141078838,0.778052805280528,0.7753658937674724,5.609869646182496
XGBoost,0.45,0.7727645611156686,0.78369384359401,0.7781908302354399,0.7749259624876604,5.595903165735568
XGBoost,0.455,0.7719442165709598,0.7841666666666667,0.7780074410913601,0.7743581303489138,5.58659217877095
XGBoost,0.46,0.7686628383921247,0.7841004184100419,0.776304888152444,0.7717015318728381,5.5633147113594035
XGBoost,0.465,0.7670221493027072,0.7850545759865659,0.7759336099585062,0.7705620570298335,5.544692737430167
XGBoost,0.47,0.7653814602132896,0.7866779089376054,0.7758835758835759,0.7695480039590894,5.521415270018622
XGBoost,0.475,0.7645611156685808,0.7878275570583263,0.7760199833472107,0.7691038125103152,5.507448789571694
XGBoost,0.48,0.7629204265791633,0.7888040712468194,0.7756463719766472,0.7679603633360859,5.488826815642458
XGBoost,0.485,0.760459392945037,0.788936170212766,0.7744360902255639,0.7659890927119485,5.470204841713222
XGBoost,0.49,0.7596390484003281,0.7894288150042625,0.774247491638796,0.7654157712018516,5.460893854748603
XGBoost,0.495,0.7579983593109105,0.791095890410959,0.7741935483870968,0.7643944407677035,5.437616387337058
XGBoost,0.5,0.756357670221493,0.7920962199312714,0.7738145195132187,0.7632450331125827,5.418994413407821
XGBoost,0.505,0.7538966365873667,0.7922413793103448,0.7725935266918873,0.7612657388999338,5.400372439478584
XGBoost,0.51,0.7530762920426579,0.7948051948051948,0.7733782645324347,0.7610678162825402,5.377094972067039
XGBoost,0.515,0.7522559474979491,0.795316565481353,0.7731871838111298,0.7604909603582684,5.367783985102421
XGBoost,0.52,0.7506152584085316,0.7956521739130434,0.7724778387505277,0.7592100896116827,5.353817504655494
XGBoost,0.525,0.748974569319114,0.7959895379250218,0.7717666948436179,0.7579279428856052,5.339851024208566
XGBoost,0.53,0.7481542247744053,0.7958115183246073,0.771247357293869,0.7572235137827964,5.335195530726257
XGBoost,0.535,0.7473338802296965,0.7970253718285214,0.7713801862828111,0.7567702276125602,5.32122905027933
XGBoost,0.54,0.7465135356849877,0.7982456140350878,0.771513353115727,0.7563164893617021,5.307262569832402
XGBoost,0.545,0.7448728465955702,0.7992957746478874,0.7711252653927814,0.7551563539587491,5.288640595903166
XGBoost,0.55,0.7415914684167351,0.8,0.7696892294593444,0.7525807525807526,5.260707635009311
XGBoost,0.555,0.7407711238720263,0.8026666666666666,0.7704778156996587,0.7523746042326279,5.237430167597766
XGBoost,0.575,0.7374897456931911,0.8091809180918091,0.7716738197424893,0.7507933856689494,5.172253258845438
XGBoost,0.56,0.7383100902379,0.8035714285714286,0.7695596408721675,0.7505003335557038,5.21415270018622
XGBoost,0.565,0.7383100902379,0.8035714285714286,0.7695596408721675,0.7505003335557038,5.21415270018622
XGBoost,0.57,0.7374897456931911,0.8062780269058296,0.7703513281919452,0.7502921048239025,5.190875232774674
XGBoost,0.58,0.7358490566037735,0.8117647058823529,0.7719449225473322,0.7498746029092125,5.144320297951583
XGBoost,0.585,0.734208367514356,0.8114233907524931,0.7708871662360034,0.7484529185482522,5.135009310986964
XGBoost,0.595,0.7325676784249385,0.8132969034608379,0.7708243418213206,0.7474054235018414,5.111731843575419
XGBoost,0.59,0.7325676784249385,0.8110808356039964,0.7698275862068965,0.7470302827505437,5.125698324022347
XGBoost,0.6,0.7309269893355209,0.8129562043795621,0.7697624190064795,0.7459812458137978,5.1024208566108005
XGBoost,0.605,0.7292863002461034,0.8141025641025641,0.7693639117265253,0.7448056300268097,5.083798882681564
XGBoost,0.61,0.726825266611977,0.8150873965041399,0.7684301821335646,0.7429146402817374,5.060521415270019
XGBoost,0.615,0.7260049220672683,0.8149171270718232,0.7678958785249458,0.74220060382422,5.05586592178771
XGBoost,0.62,0.7243642329778507,0.8153277931671283,0.7671589921807124,0.7408961235106561,5.0418994413407825
XGBoost,0.625,0.7227235438884332,0.8164967562557924,0.7667536988685814,0.7397145256087322,5.023277467411546
XGBoost,0.63,0.7219031993437244,0.8170844939647168,0.7665505226480837,0.7391231311943558,5.0139664804469275
XGBoost,0.635,0.7194421657095981,0.8188608776844071,0.765938864628821,0.7373465612914074,4.9860335195530725
XGBoost,0.645,0.716160787530763,0.8243626062322946,0.7664618086040387,0.7354675652906487,4.9301675977653625
XGBoost,0.64,0.7169811320754716,0.8198874296435272,0.7649890590809628,0.7354426119151801,4.962756052141527
XGBoost,0.65,0.7153404429860541,0.8257575757575758,0.7665934065934066,0.7349966284558328,4.916201117318435
XGBoost,0.655,0.7112387202625102,0.8249286393910561,0.7638766519823789,0.731398683988527,4.89292364990689
XGBoost,0.66,0.7095980311730927,0.825381679389313,0.7631230701367446,0.7300810263335584,4.878957169459962
XGBoost,0.665,0.7054963084495488,0.8277189605389798,0.7617360496014172,0.7269653423499577,4.837057728119181
XGBoost,0.67,0.7013945857260049,0.8276863504356244,0.7593250444049734,0.7234726688102894,4.809124767225326
XGBoost,0.675,0.6972928630024611,0.8292682926829268,0.7575757575757576,0.7202169123877309,4.771880819366853
XGBoost,0.68,0.6964725184577523,0.8323529411764706,0.7583742742295668,0.7199796472184532,4.748603351955307
XGBoost,0.685,0.6931911402789172,0.8316929133858267,0.756152125279642,0.7170739986422268,4.72998137802607
XGBoost,0.69,0.6907301066447908,0.8320158102766798,0.7548184670551322,0.7150135869565217,4.711359404096834
XGBoost,0.7,0.6874487284659557,0.838,0.7552951780081117,0.713070115724983,4.655493482309125
XGBoost,0.695,0.6874487284659557,0.8346613545816733,0.753936122357175,0.7125850340136054,4.674115456238361
XGBoost,0.705,0.6849876948318294,0.8391959798994975,0.7542908762420958,0.7111224663600749,4.632216014897579
XGBoost,0.71,0.682526661197703,0.8412537917087968,0.7536231884057971,0.7092924126172208,4.604283054003725
XGBoost,0.715,0.6792452830188679,0.8423194303153612,0.7520435967302452,0.706605222734255,4.57635009310987
XGBoost,0.72,0.6784249384741592,0.8438775510204082,0.7521600727603456,0.706113387978142,4.562383612662942
XGBoost,0.725,0.6751435602953241,0.8458376156217883,0.7509124087591241,0.7035390665070952,4.529795158286778
XGBoost,0.73,0.6726825266611977,0.846233230134159,0.7495429616087751,0.7014542343883661,4.511173184357542
XGBoost,0.735,0.6710418375717802,0.8494288681204569,0.7497708524289642,0.7004624079465662,4.483240223463687
XGBoost,0.74,0.6685808039376538,0.8534031413612565,0.749770009199632,0.6988509689590122,4.445996275605214
XGBoost,0.745,0.6669401148482362,0.8566912539515279,0.75,0.6978540772532189,4.418063314711359
XGBoost,0.75,0.6652994257588187,0.8582010582010582,0.7495378927911276,0.6966157017694554,4.399441340782123
XGBoost,0.755,0.6636587366694011,0.8652406417112299,0.7511606313834726,0.6960936155567028,4.3528864059590315
XGBoost,0.76,0.6620180475799836,0.8658798283261803,0.7503486750348675,0.6947314049586777,4.338919925512105
XGBoost,0.765,0.660377358490566,0.8683926645091694,0.750232991612302,0.6936067551266586,4.315642458100559
XGBoost,0.77,0.6570959803117309,0.8697068403908795,0.7485981308411215,0.6908745903053304,4.287709497206704
XGBoost,0.775,0.6546349466776046,0.8702290076335878,0.7471910112359551,0.6887622993267737,4.269087523277467
XGBoost,0.78,0.6521739130434783,0.8707557502738226,0.7457786116322702,0.686647089307307,4.25046554934823
XGBoost,0.79,0.6488925348646432,0.8711453744493393,0.7437705688763516,0.6837828492392808,4.227188081936685
XGBoost,0.785,0.6488925348646432,0.8701870187018702,0.743421052631579,0.6836646499567848,4.231843575418994
XGBoost,0.795,0.6464315012305168,0.8716814159292036,0.74234573716439,0.6816608996539792,4.208566108007449
XGBoost,0.8,0.6464315012305168,0.8716814159292036,0.74234573716439,0.6816608996539792,4.208566108007449
XGBoost,0.805,0.6423297785069729,0.8738839285714286,0.7404255319148936,0.6782744282744283,4.171322160148976
XGBoost,0.81,0.6390484003281378,0.876265466816648,0.7390891840607211,0.6756287944492628,4.138733705772812
XGBoost,0.815,0.6349466776045939,0.8795454545454545,0.7374940447832301,0.6723419041000694,4.0968342644320295
XGBoost,0.82,0.6341263330598852,0.8814139110604333,0.7375954198473282,0.6718233964887884,4.082867783985102
XGBoost,0.825,0.6300246103363413,0.8837744533947065,0.735632183908046,0.6684073107049608,4.045623836126629
XGBoost,0.83,0.627563576702215,0.8854166666666666,0.7345175228036486,0.6663763066202091,4.022346368715084
XGBoost,0.835,0.6226415094339622,0.8866822429906542,0.7315662650602409,0.6620725750174459,3.985102420856611
XGBoost,0.84,0.6168990976210008,0.8857479387514723,0.7272727272727273,0.6567685589519651,3.952513966480447
XGBoost,0.845,0.6136177194421657,0.8862559241706162,0.7251575375666505,0.6538461538461539,3.9292364990689013
XGBoost,0.85,0.6095159967186218,0.8866348448687351,0.7224112785610112,0.6501575078753937,3.9013035381750467
XGBoost,0.855,0.6062346185397867,0.8882211538461539,0.7206240858117992,0.6473370707778556,3.8733705772811917
XGBoost,0.86,0.5996718621821165,0.889294403892944,0.7163155316021558,0.6414531414531415,3.826815642458101
XGBoost,0.865,0.5947497949138638,0.8928571428571429,0.7139340226489415,0.6373066104078763,3.7802607076350094
XGBoost,0.87,0.5914684167350287,0.8934324659231723,0.7117472852912142,0.6343480556044343,3.7569832402234637
XGBoost,0.875,0.5865463494667761,0.9005037783375315,0.7103825136612022,0.6305114638447972,3.6964618249534453
XGBoost,0.88,0.583264971287941,0.9045801526717557,0.7092269326683291,0.6278700105969622,3.6592178770949726
XGBoost,0.885,0.5808039376538146,0.9065300896286812,0.708,0.625773378115609,3.635940409683427
XGBoost,0.89,0.5750615258408531,0.9080310880829016,0.7041687594173782,0.6205736543909348,3.594040968342644
XGBoost,0.895,0.571780147662018,0.9099216710182768,0.7022670025188917,0.6176887628500531,3.5661080074487894
XGBoost,0.9,0.5668580803937654,0.9140211640211641,0.699746835443038,0.6134588068181818,3.519553072625698
XGBoost,0.905,0.5594749794913864,0.917900403768506,0.6952089704383282,0.606869549741947,3.4590316573556796
XGBoost,0.91,0.5545529122231337,0.9184782608695652,0.6915601023017903,0.6022808267997148,3.4264432029795158
XGBoost,0.915,0.549630844954881,0.9190672153635117,0.6878850102669405,0.5976806422836753,3.393854748603352
XGBoost,0.92,0.5397867104183757,0.9202797202797203,0.6804550155118925,0.5884457163298158,3.328677839851024
XGBoost,0.925,0.5299425758818704,0.9215406562054208,0.6729166666666667,0.5791644253182715,3.2635009310986964
XGBoost,0.93,0.5250205086136177,0.9235209235209235,0.6694560669456067,0.5746094451427546,3.2262569832402237
XGBoost,0.935,0.5135356849876949,0.9233038348082596,0.6599894570374275,0.5635577961829312,3.1564245810055866
XGBoost,0.94,0.49876948318293685,0.9212121212121213,0.6471527408195848,0.5491329479768786,3.072625698324022
XGBoost,0.945,0.4831829368334701,0.9231974921630094,0.6343564889606893,0.5340950308306129,2.9702048417132216
XGBoost,0.95,0.4700574241181296,0.925686591276252,0.6235038084874864,0.521383075523203,2.881750465549348
XGBoost,0.955,0.4602132895816243,0.9288079470198676,0.6154690071311025,0.5118613138686131,2.8119180633147116
XGBoost,0.96,0.44626743232157506,0.9299145299145299,0.6031042128603105,0.4980772752243179,2.7234636871508378
XGBoost,0.965,0.4265791632485644,0.931899641577061,0.5852560495216658,0.4784688995215311,2.5977653631284916
XGBoost,0.97,0.4027891714520098,0.9334600760456274,0.5627507163323783,0.45446131062569417,2.4487895716945993
XGBoost,0.975,0.3831009023789992,0.9396378269617707,0.5442890442890443,0.43458030895216826,2.313780260707635
XGBoost,0.98,0.35110746513535684,0.9427312775330396,0.511655708308428,0.40150093808630394,2.1135940409683425
XGBoost,0.985,0.30762920426579166,0.946969696969697,0.46439628482972134,0.35565250379362673,1.8435754189944136
XGBoost,0.99,0.2674323215750615,0.9532163742690059,0.4176809737347854,0.3123802223073975,1.5921787709497208
Random Forest,0.13,0.7801476620180475,0.7150375939849624,0.7461749705766968,0.7661940058008379,6.191806331471136
Random Forest,0.135,0.77850697292863,0.7194844579226687,0.747832939322301,0.7659402744148507,6.140595903165735
Random Forest,0.12,0.7817883511074651,0.7054034048852702,0.7416342412451362,0.7652159948610888,6.289571694599627
Random Forest,0.125,0.7809680065627563,0.7072808320950966,0.7423001949317739,0.7650273224043715,6.266294227188082
Random Forest,0.115,0.782608695652174,0.7014705882352941,0.7398216362931369,0.7649134060295061,6.33147113594041
Random Forest,0.11,0.782608695652174,0.6968590211833455,0.7372488408037094,0.7638110488390712,6.373370577281191
Random Forest,0.105,0.782608695652174,0.6928104575163399,0.7349768875192604,0.7628338397569167,6.410614525139664
Random Forest,0.14,0.7727645611156686,0.7229470452801228,0.7470261697065821,0.7622592652532773,6.06610800744879
Random Forest,0.1,0.782608695652174,0.6868250539956804,0.7315950920245399,0.7613727055067837,6.466480446927374
Random Forest,0.095,0.7842493847415914,0.6751412429378532,0.7256166982922201,0.7596948506039415,6.592178770949721
Random Forest,0.145,0.7662018047579984,0.7279812938425565,0.7466027178257394,0.7582399740217568,5.972998137802607
Random Forest,0.09,0.7858900738310091,0.6634349030470914,0.7194892977844536,0.7579113924050633,6.722532588454376
Random Forest,0.085,0.7867104183757178,0.6528250510551395,0.7135416666666666,0.7557131599684791,6.838919925512105
Random Forest,0.08,0.7891714520098442,0.6447721179624665,0.7097012172630026,0.7553391959798995,6.945996275605213
Random Forest,0.15,0.7588187038556193,0.7388178913738019,0.7486847430190207,0.7547323759791122,5.828677839851024
Random Forest,0.075,0.7899917965545529,0.6323046618516087,0.7024070021881839,0.7524613220815752,7.090316573556797
Random Forest,0.155,0.7530762920426579,0.7403225806451613,0.7466449776331843,0.750490516677567,5.772811918063315
Random Forest,0.07,0.7899917965545529,0.6200901481004507,0.6948051948051948,0.7489500699953336,7.22998137802607
Random Forest,0.065,0.7908121410992617,0.6097406704617331,0.6885714285714286,0.7464766919622116,7.360335195530726
Random Forest,0.16,0.7456931911402789,0.7384240454914703,0.7420408163265306,0.744227935156378,5.730912476722533
Random Forest,0.165,0.7448728465955702,0.7382113821138211,0.7415271539403838,0.7435309531608254,5.726256983240224
Random Forest,0.06,0.7908121410992617,0.5987577639751552,0.6815129020855426,0.7431390687634906,7.495344506517691
Random Forest,0.17,0.7440525020508614,0.73920130399348,0.741618969746525,0.7430771751597575,5.712290502793296
Random Forest,0.175,0.7424118129614438,0.7387755102040816,0.7405891980360065,0.7416816915259794,5.7029795158286785
Random Forest,0.055,0.7924528301886793,0.5879488740109555,0.6750524109014675,0.7409111826967326,7.648975791433892
Random Forest,0.18,0.7391304347826086,0.7385245901639345,0.7388273882738827,0.739009186351706,5.679702048417132
Random Forest,0.19,0.7374897456931911,0.7387017255546425,0.7380952380952381,0.7377318234039061,5.665735567970205
Random Forest,0.185,0.7374897456931911,0.7380952380952381,0.7377923676651621,0.7376107646865769,5.670391061452515
Random Forest,0.195,0.7366694011484823,0.740924092409241,0.7387906211435623,0.7375164257555847,5.64245810055866
Random Forest,0.05,0.7924528301886793,0.5760286225402504,0.6671270718232044,0.7370669922173051,7.807262569832401
Random Forest,0.2,0.7325676784249385,0.7435470441298918,0.7380165289256199,0.7347375349679118,5.5912476722532585
Random Forest,0.045,0.793273174733388,0.5609048723897911,0.6571525654094461,0.7325757575757575,8.02607076350093
Random Forest,0.205,0.7235438884331419,0.7436762225969646,0.7334719334719335,0.7274826789838337,5.521415270018622
Random Forest,0.04,0.793273174733388,0.5460191981931113,0.6468227424749163,0.7273958176621032,8.24487895716946
Random Forest,0.035,0.7940935192780968,0.5269461077844312,0.6335078534031413,0.7209891255772382,8.552141527001861
Random Forest,0.21,0.7063166529942576,0.7428817946505608,0.7241379310344828,0.7133388566694283,5.395716945996275
Random Forest,0.03,0.7940935192780968,0.5054830287206267,0.6177409061901723,0.7127079958768959,8.915270018621973
Random Forest,0.215,0.6989335520918786,0.7428073234524848,0.7202028740490279,0.7072887265482318,5.339851024208566
Random Forest,0.025,0.7949138638228056,0.4830508474576271,0.6009302325581395,0.7040104620749782,9.338919925512105
Random Forest,0.22,0.6931911402789172,0.7431838170624451,0.7173174872665535,0.7026442707467154,5.293296089385475
Random Forest,0.225,0.6923707957342083,0.7455830388692579,0.7179923436835389,0.7023968042609854,5.27001862197393
Random Forest,0.23,0.6907301066447908,0.7471162377994676,0.7178175618073316,0.7013160086623355,5.246741154562383
Random Forest,0.235,0.6866283839212469,0.7459893048128342,0.7150790260572405,0.697732577525842,5.223463687150838
Random Forest,0.02,0.7949138638228056,0.467438494934877,0.5886998784933172,0.6972226219599943,9.650837988826815
Random Forest,0.24,0.6817063166529943,0.7479747974797479,0.7133047210300429,0.6940036746283614,5.172253258845438
Random Forest,0.015,0.7949138638228056,0.45557122708039494,0.5791990436341901,0.6918463515636156,9.902234636871508
Random Forest,0.01,0.7949138638228056,0.44757505773672057,0.5726950354609929,0.688112484022156,10.079143389199254
Random Forest,0.245,0.667760459392945,0.7447392497712717,0.7041522491349481,0.6818562573295359,5.088454376163874
Random Forest,0.25,0.6554552912223134,0.7453358208955224,0.6975120034919249,0.6716543375924681,4.990689013035382
Random Forest,0.255,0.6513535684987695,0.7448405253283302,0.6949671772428884,0.6681252103668799,4.962756052141527
Random Forest,0.26,0.6447908121410992,0.7450236966824645,0.6912928759894459,0.6626201315123925,4.911545623836126
Random Forest,0.265,0.638228055783429,0.7437858508604207,0.6869757174392936,0.6568726781492739,4.8696461824953445
Random Forest,0.27,0.6308449548810501,0.7415621986499518,0.6817375886524822,0.6502621342803991,4.827746741154562
Random Forest,0.275,0.6283839212469237,0.7415295256534365,0.6802841918294849,0.6481638179048909,4.809124767225326
Random Forest,0.28,0.6210008203445447,0.7392578125,0.6749888542131074,0.6415254237288136,4.767225325884543
Random Forest,0.285,0.605414273995078,0.7350597609561753,0.6639676113360324,0.6275510204081632,4.674115456238361
Random Forest,0.29,0.5594749794913864,0.7247608926673751,0.6314814814814815,0.5862128244799725,4.3808193668528865
Random Forest,0.295,0.5373256767842494,0.7197802197802198,0.615312353217473,0.5660214310404424,4.236499068901304
Random Forest,0.3,0.5143560295324036,0.714123006833713,0.597997138769671,0.5448383733055265,4.087523277467412
Random Forest,0.305,0.5086136177194421,0.7175925925925926,0.5952952472395583,0.5400696864111498,4.022346368715084
Random Forest,0.31,0.5036915504511895,0.7172897196261683,0.5918072289156626,0.5355896720167481,3.985102420856611
Random Forest,0.315,0.4963084495488105,0.7151300236406619,0.585956416464891,0.5286613072352324,3.9385474860335195
Random Forest,0.32,0.4946677604593929,0.7144549763033176,0.5845855550169656,0.5270979020979021,3.9292364990689013
Random Forest,0.325,0.4938474159146842,0.7141162514827996,0.5838991270611057,0.5263157894736842,3.9245810055865924
Random Forest,0.33,0.48974569319114025,0.7141148325358851,0.581021897810219,0.5225840336134454,3.8919925512104285
Random Forest,0.335,0.48236259228876127,0.7110036275695284,0.5747800586510264,0.5155181483429774,3.8500931098696465
Random Forest,0.34,0.4815422477440525,0.7106537530266344,0.574083129584352,0.5147316730971588,3.845437616387337
Random Forest,0.345,0.4807219031993437,0.7103030303030303,0.5733855185909981,0.5139449219435187,3.840782122905028
Random Forest,0.35,0.47908121410992616,0.7095990279465371,0.5719882468168462,0.5123705913318126,3.8314711359404097
Random Forest,0.355,0.47662018047579985,0.7085365853658536,0.5698871996076508,0.5100070224719101,3.8175046554934826
Random Forest,0.36,0.4716981132075472,0.7063882063882064,0.5656665027053616,0.5052724077328646,3.7895716945996276
Random Forest,0.375,0.4602132895816243,0.7038895859473023,0.5565476190476191,0.4944473823373876,3.710428305400373
Random Forest,0.38,0.4602132895816243,0.7038895859473023,0.5565476190476191,0.4944473823373876,3.710428305400373
Random Forest,0.385,0.4602132895816243,0.7038895859473023,0.5565476190476191,0.4944473823373876,3.710428305400373
Random Forest,0.37,0.4602132895816243,0.7030075187969925,0.556271690629648,0.4943602396898132,3.7150837988826817
Random Forest,0.365,0.4602132895816243,0.7021276595744681,0.55599603567889,0.49427312775330395,3.719739292364991
Random Forest,0.39,0.4593929450369155,0.7035175879396985,0.5558312655086849,0.4936530324400564,3.7057728119180635
Random Forest,0.395,0.45775225594749797,0.7036569987389659,0.5546719681908548,0.4921502910566237,3.691806331471136
Random Forest,0.4,0.45693191140278916,0.7032828282828283,0.5539532570860268,0.49135497529992944,3.687150837988827
Random Forest,0.405,0.45447087776866285,0.7021546261089987,0.5517928286852589,0.4889673433362754,3.6731843575418996
Random Forest,0.41,0.4528301886792453,0.7040816326530612,0.5511732401397903,0.4876325088339223,3.649906890130354
Random Forest,0.415,0.4495488105004102,0.7034659820282413,0.5485485485485485,0.484526967285588,3.6266294227188087
Random Forest,0.42,0.43970467596390483,0.7006535947712418,0.5403225806451613,0.4750930686048573,3.56145251396648
Random Forest,0.425,0.42083675143560295,0.6923076923076923,0.523469387755102,0.45664945700551896,3.4497206703910615
Random Forest,0.43,0.4109926168990976,0.6881868131868132,0.514637904468413,0.4470021413276231,3.3891992551210426
Random Forest,0.435,0.4003281378178835,0.6834733893557423,0.5049146404552509,0.4364937388193202,3.324022346368715
Random Forest,0.44,0.3896636587366694,0.6776034236804565,0.4947916666666667,0.4258561950869643,3.2635009310986964
Random Forest,0.445,0.38474159146841674,0.6767676767676768,0.4905857740585774,0.42108098401867483,3.2262569832402237
Random Forest,0.45,0.3806398687448728,0.6754002911208151,0.48688352570828963,0.4170411648391156,3.1983240223463687
Random Forest,0.455,0.3757178014766202,0.6735294117647059,0.4823591363875724,0.41216702663786897,3.165735567970205
Random Forest,0.46,0.37325676784249384,0.6730769230769231,0.48021108179419525,0.4097622478386167,3.1471135940409685
Random Forest,0.465,0.37079573420836753,0.6726190476190477,0.4780539397144368,0.40735400144196104,3.128491620111732
Random Forest,0.47,0.3675143560295324,0.6736842105263158,0.47558386411889597,0.404259158996571,3.095903165735568
Random Forest,0.475,0.3666940114848236,0.6731927710843374,0.4747742963356346,0.40342960288808666,3.091247672253259
Random Forest,0.48,0.36259228876127975,0.6727549467275494,0.47121535181236673,0.3994216519067414,3.058659217877095
Random Forest,0.49,0.36177194421657094,0.6732824427480916,0.47065101387406616,0.3986620864219852,3.0493482309124764
Random Forest,0.485,0.36177194421657094,0.6722560975609756,0.4704,0.398590021691974,3.0540037243947857
Random Forest,0.495,0.3584905660377358,0.6712749615975423,0.46737967914438505,0.3953320065134793,3.03072625698324
Random Forest,0.5,0.3560295324036095,0.6697530864197531,0.46491697911087304,0.3928312816799421,3.016759776536313
Random Forest,0.51,0.3535684987694832,0.6713395638629284,0.4631918323481999,0.39054005074302284,2.988826815642458
Random Forest,0.505,0.3535684987694832,0.6702954898911353,0.46294307196562834,0.39046928791447727,2.9934823091247673
Random Forest,0.515,0.35110746513535684,0.6697965571205008,0.4607104413347686,0.38803263825929285,2.9748603351955305
Random Forest,0.52,0.3445447087776866,0.6666666666666666,0.45429962141698216,0.3814021067925899,2.9329608938547485
Random Forest,0.525,0.3379819524200164,0.6634460547504025,0.44782608695652176,0.3747498635619429,2.8910614525139664
Random Forest,0.53,0.3240360951599672,0.6561461794019934,0.43382756727073035,0.36053304125593283,2.8026070763500934
Random Forest,0.535,0.3166529942575882,0.6509274873524452,0.4260485651214128,0.352898153227281,2.760707635009311
Random Forest,0.54,0.31501230516817064,0.649746192893401,0.4243093922651934,0.3511980976769709,2.7513966480446927
Random Forest,0.545,0.31091058244462677,0.6478632478632479,0.42017738359201773,0.347006042849295,2.7234636871508378
Random Forest,0.55,0.3084495488105004,0.6460481099656358,0.4175458078845086,0.3444485159399047,2.7094972067039107
Random Forest,0.555,0.2904019688269073,0.6321428571428571,0.3979763912310287,0.32560706401766004,2.60707635009311
Random Forest,0.56,0.28219852337981954,0.6265938069216758,0.3891402714932127,0.3170506912442396,2.5558659217877095
Random Forest,0.565,0.26989335520918784,0.6161048689138576,0.3753565316600114,0.30406654343807765,2.486033519553073
Random Forest,0.57,0.2666119770303528,0.6132075471698113,0.3716409376786735,0.3005919348871624,2.467411545623836
Random Forest,0.575,0.2649712879409352,0.6140684410646388,0.3702005730659026,0.29896334690855236,2.4487895716945993
Random Forest,0.58,0.26251025430680885,0.6130268199233716,0.3676048248133257,0.29640607632456467,2.430167597765363
Random Forest,0.585,0.2551271534044299,0.607421875,0.35932986712882725,0.28860430586488495,2.3836126629422716
Random Forest,0.59,0.2469237079573421,0.602,0.35020360674810935,0.2799479166666667,2.3277467411545625
Random Forest,0.595,0.24118129614438064,0.5987780040733197,0.34385964912280703,0.2738960313024036,2.2858472998137804
Random Forest,0.6,0.23297785069729288,0.5953878406708596,0.33490566037735847,0.26527181019988794,2.2206703910614527
Random Forest,0.605,0.22149302707136997,0.5856832971800434,0.32142857142857145,0.25295109612141653,2.146182495344507
Random Forest,0.61,0.21493027071369974,0.5796460176991151,0.31358467983243565,0.24587087087087087,2.1042830540037243
Random Forest,0.615,0.20426579163248565,0.5724137931034483,0.3010882708585248,0.23441913010732443,2.025139664804469
Random Forest,0.62,0.19524200164068908,0.5626477541371159,0.28989037758830694,0.22457067371202113,1.9692737430167597
Random Forest,0.625,0.18293683347005743,0.5492610837438424,0.2744615384615385,0.21109428246876183,1.8901303538175047
Random Forest,0.63,0.1722723543888433,0.5370843989769821,0.2608695652173913,0.19935447123599773,1.820297951582868
Random Forest,0.635,0.16488925348646433,0.5317460317460317,0.2517219787100814,0.19128283212790256,1.759776536312849
Random Forest,0.64,0.16324856439704677,0.5306666666666666,0.24968632371392724,0.18948771662540467,1.7458100558659218
Random Forest,0.645,0.16078753076292043,0.5297297297297298,0.24669603524229075,0.18680899733130005,1.722532588454376
Random Forest,0.65,0.15914684167350288,0.5300546448087432,0.244794952681388,0.1850438763830599,1.7039106145251397
Random Forest,0.655,0.15750615258408532,0.5318559556786704,0.2430379746835443,0.18331105594806188,1.680633147113594
Random Forest,0.67,0.15668580803937654,0.5441595441595442,0.24331210191082803,0.1827051846183279,1.6340782122905029
Random Forest,0.665,0.15668580803937654,0.53954802259887,0.24284806102987921,0.1826003824091778,1.6480446927374302
Random Forest,0.66,0.15668580803937654,0.5350140056022409,0.24238578680203046,0.18249570036308044,1.6620111731843574
Random Forest,0.68,0.15586546349466776,0.5459770114942529,0.24250159540523292,0.18185298621745788,1.6201117318435754
Random Forest,0.675,0.15586546349466776,0.5444126074498568,0.2423469387755102,0.18181818181818182,1.6247672253258845
Random Forest,0.685,0.15504511894995898,0.5510204081632653,0.24199743918053776,0.18106917033914544,1.59683426443203
Random Forest,0.7,0.15340442986054142,0.5565476190476191,0.2405144694533762,0.1793937068303914,1.564245810055866
Random Forest,0.695,0.15340442986054142,0.5548961424332344,0.2403598971722365,0.17935929407251103,1.5689013035381751
Random Forest,0.69,0.15340442986054142,0.5483870967741935,0.23974358974358975,0.1792217749664558,1.5875232774674115
Random Forest,0.705,0.15258408531583265,0.5568862275449101,0.23953638119768192,0.1785028790786948,1.5549348230912476
Random Forest,0.71,0.15258408531583265,0.5568862275449101,0.23953638119768192,0.1785028790786948,1.5549348230912476
Random Forest,0.715,0.15176374077112387,0.5589123867069486,0.23870967741935484,0.177645477242174,1.5409683426443201
Random Forest,0.775,0.1501230516817063,0.6267123287671232,0.24222369291859697,0.17705108359133126,1.3594040968342644
Random Forest,0.77,0.1501230516817063,0.6140939597315436,0.24126565589980223,0.17684576729802862,1.3873370577281192
Random Forest,0.765,0.1501230516817063,0.6059602649006622,0.2406311637080868,0.17670915411355737,1.4059590316573558
Random Forest,0.76,0.1501230516817063,0.5980392156862745,0.24,0.176572751833269,1.4245810055865922
Random Forest,0.755,0.1501230516817063,0.5846645367412141,0.23890339425587467,0.17633455386394295,1.457169459962756
Random Forest,0.75,0.1501230516817063,0.5828025477707006,0.23874755381604695,0.17630057803468208,1.4618249534450651
Random Forest,0.78,0.14930270713699753,0.6363636363636364,0.24186046511627907,0.17628826036419992,1.3314711359404097
Random Forest,0.745,0.1501230516817063,0.5791139240506329,0.23843648208469057,0.1762326656394453,1.4711359404096835
Random Forest,0.74,0.1501230516817063,0.5736677115987461,0.23797139141742524,0.17613089509143406,1.4851024208566108
Random Forest,0.735,0.1501230516817063,0.5683229813664596,0.23750811161583388,0.17602924201616005,1.499068901303538
Random Forest,0.73,0.1501230516817063,0.56656346749226,0.23735408560311283,0.17599538372763993,1.5037243947858472
Random Forest,0.725,0.1501230516817063,0.5648148148148148,0.237200259235256,0.17596153846153847,1.5083798882681565
Random Forest,0.72,0.1501230516817063,0.5596330275229358,0.23673997412677877,0.17586008072266002,1.5223463687150838
Random Forest,0.785,0.14766201804757997,0.6545454545454545,0.24096385542168675,0.17472335468841002,1.2802607076350094
Random Forest,0.79,0.1468416735028712,0.6654275092936803,0.24059139784946237,0.17395529640427598,1.2523277467411547
Random Forest,0.795,0.1443806398687449,0.6795366795366795,0.2381596752368065,0.17137293086660174,1.2057728119180633
Random Forest,0.8,0.1435602953240361,0.6944444444444444,0.23793337865397687,0.17063182527301093,1.1731843575418994
Random Forest,0.825,0.14273995077932733,0.7665198237885462,0.24066390041493776,0.17048794826572605,1.0567970204841712
Random Forest,0.82,0.14273995077932733,0.7631578947368421,0.2404975812024879,0.17045454545454544,1.0614525139664803
Random Forest,0.815,0.14273995077932733,0.75,0.23983459682977257,0.17032106499608457,1.080074487895717
Random Forest,0.81,0.14273995077932733,0.725,0.2385195339273475,0.17005473025801407,1.1173184357541899
Random Forest,0.805,0.14273995077932733,0.7131147540983607,0.23786739576213262,0.169921875,1.1359404096834265
Random Forest,0.835,0.140278917145201,0.7880184331797235,0.2381615598885794,0.1678774788925977,1.01024208566108
Random Forest,0.83,0.140278917145201,0.7772727272727272,0.23766504517025713,0.16777864992150707,1.0242085661080074
Random Forest,0.84,0.13863822805578344,0.7897196261682243,0.23586880669923238,0.16601178781925344,0.9962756052141527
Random Forest,0.845,0.1361771944216571,0.7942583732057417,0.23249299719887956,0.16322517207472959,0.9729981378026071
Random Forest,0.85,0.1320754716981132,0.805,0.22692036645525018,0.15858944050433413,0.931098696461825
Random Forest,0.855,0.1287940935192781,0.8092783505154639,0.2222222222222222,0.15483234714003946,0.9031657355679701
Random Forest,0.86,0.12469237079573421,0.8172043010752689,0.21637010676156584,0.150138285262742,0.8659217877094971
Random Forest,0.865,0.12223133716160788,0.8277777777777777,0.21300929235167976,0.1473496835443038,0.8379888268156425
Random Forest,0.87,0.11648892534864644,0.8352941176470589,0.2044636429085673,0.14070550931430836,0.7914338919925512
Random Forest,0.875,0.11320754716981132,0.8571428571428571,0.2,0.136986301369863,0.749534450651769
Random Forest,0.88,0.11156685808039377,0.8553459119496856,0.19738751814223512,0.13505461767626614,0.7402234636871509
Random Forest,0.885,0.10828547990155865,0.868421052631579,0.1925601750547046,0.13126491646778043,0.707635009310987
Random Forest,0.89,0.10500410172272355,0.8767123287671232,0.18754578754578755,0.12743926722421345,0.6797020484171322
Random Forest,0.895,0.10418375717801477,0.8819444444444444,0.1863536316947909,0.12649402390438247,0.6703910614525139
Random Forest,0.9,0.10008203445447088,0.8776978417266187,0.1796759941089838,0.12163509471585245,0.6471135940409684
Random Forest,0.905,0.0951599671862182,0.8721804511278195,0.17159763313609466,0.11579157516470354,0.6191806331471137
Random Forest,0.91,0.0918785890073831,0.8888888888888888,0.16654275092936802,0.11195521791283487,0.5865921787709497
Random Forest,0.915,0.08613617719442165,0.9051724137931034,0.15730337078651685,0.10516826923076923,0.5400372439478585
Random Forest,0.92,0.08367514356029532,0.9107142857142857,0.15326821938392185,0.10224538893344026,0.521415270018622
Random Forest,0.925,0.07875307629204266,0.9142857142857143,0.14501510574018128,0.09636619152780566,0.4888268156424581
Random Forest,0.93,0.0771123872026251,0.912621359223301,0.1422087745839637,0.0943964651536453,0.4795158286778399
Random Forest,0.935,0.07383100902378999,0.9090909090909091,0.13657056145675264,0.09045226130653267,0.4608938547486034
Random Forest,0.94,0.06890894175553733,0.9032258064516129,0.12804878048780488,0.08452404910444758,0.43296089385474856
Random Forest,0.945,0.06480721903199343,0.8977272727272727,0.12088752869166029,0.07957292506043513,0.409683426443203
Random Forest,0.95,0.05906480721903199,0.9,0.11085450346420324,0.07263922518159806,0.37243947858473
Random Forest,0.955,0.05660377358490566,0.8961038961038961,0.10648148148148148,0.06965475469412477,0.35847299813780265
Random Forest,0.96,0.054142739950779326,0.8918918918918919,0.10208816705336426,0.06666666666666667,0.3445065176908752
Random Forest,0.965,0.05332239540607055,0.9027777777777778,0.10069713400464755,0.06568310428455942,0.33519553072625696
Random Forest,0.97,0.04675963904840033,0.890625,0.08885424785658613,0.057692307692307696,0.29795158286778395
Random Forest,0.975,0.04019688269073011,0.8909090909090909,0.07692307692307693,0.04968566213749746,0.25605214152700184
Random Forest,0.98,0.03281378178835111,0.8888888888888888,0.06329113924050633,0.0406421459053038,0.20949720670391062
Random Forest,0.985,0.022969647251845776,0.8484848484848485,0.04472843450479233,0.028519046649012017,0.1536312849162011
Random Forest,0.99,0.004101722723543888,0.625,0.008149959250203748,0.005118755118755119,0.037243947858472994
